Dataset,Adaptive_Avg(s),Adaptive_Std(s),s1_Avg(s),s1_Std(s),s7_Avg(s),s7_Std(s)
roadNet-CA,0.000288,0.000015,0.000262,0.000012,0.000642,0.000011
Amazon0302,0.000125,0.000009,0.000229,0.000015,0.000136,0.000015
wiki-vote,0.000067,0.000014,0.000271,0.000006,0.000065,0.000009
soc-epinions1,0.000180,0.000012,0.000855,0.000008,0.000169,0.000008
cit-patents,0.004326,0.000009,0.008959,0.000250,0.004585,0.000224
delaunay-n24,0.009007,0.000255,0.013482,0.000696,0.010012,0.000026
